<manifest><control namespace="ShaheerAhmad" constructor="JSONForm" version="0.0.1" display-name-key="JSONForm" description-key="JSONForm description" control-type="standard" api-version="1.3.11"><external-service-usage enabled="false" /><property name="JSONInput" display-name-key="JSON Input" description-key="JSON Input" of-type="SingleLine.Text" usage="input" required="true" /><property name="Shadows" display-name-key="Shadows" description-key="Shadows" of-type="Enum" usage="input" required="true" default-value="0"><value name="Off" display-name-key="Off" description-key="Display all records.">0</value><value name="On" display-name-key="On" description-key="Display active records only.">1</value></property><property name="AllowCopy" display-name-key="Allow Copy" description-key="Allow Copy" of-type="Enum" usage="input" required="true" default-value="0"><value name="Off" display-name-key="Off" description-key="Display all records.">0</value><value name="On" display-name-key="On" description-key="Display active records only.">1</value></property><property name="Reset" display-name-key="Reset" description-key="Reset from start" of-type="TwoOptions" usage="input" required="false" default-value="false" /><property name="HeadingsFontSize" display-name-key="Headings Font Size" description-key="Headings Font Size" of-type="Whole.None" usage="input" required="true" /><property name="ValuesFontSize" display-name-key="Values Font Size" description-key="Values Font Size" of-type="Whole.None" usage="input" required="true" /><property name="Margins" display-name-key="Margins" description-key="Margins" of-type="Whole.None" usage="input" required="true" /><property name="FormFill" display-name-key="Form Fill" description-key="Form Fill" of-type="SingleLine.Text" usage="input" required="true" /><property name="InputFill" display-name-key="Input Fill" description-key="Input Fill" of-type="SingleLine.Text" usage="input" required="true" /><property name="HeadingsColor" display-name-key="Headings Color" description-key="Headings Color" of-type="SingleLine.Text" usage="input" required="true" /><property name="ValuesColor" display-name-key="Values Color" description-key="Values Color" of-type="SingleLine.Text" usage="input" required="true" /><property name="SelectedProperties" display-name-key="Selected Properties" description-key="Selected Properties" of-type="SingleLine.Text" usage="input" required="true" /><property name="JSONOutput" display-name-key="JSON Output" description-key="JSON Output" of-type="SingleLine.Text" usage="output" /><property name="CurrentEvent" display-name-key="Current Event" description-key="Current Event" of-type="SingleLine.Text" usage="output" /><property name="CurrentKey" display-name-key="Current Key" description-key="Current Key" of-type="SingleLine.Text" usage="output" /><property name="CurrentValue" display-name-key="Current Value" description-key="Current Value" of-type="SingleLine.Text" usage="output" /><resources><code path="bundle.js" order="1" /></resources><built-by name="pac" version="1.31.2" /></control></manifest>