<manifest><control namespace="ShaheerAhmad" constructor="JSONForm" version="0.0.1" display-name-key="JSONForm" description-key="JSONForm description" control-type="standard" api-version="1.3.11"><external-service-usage enabled="false" /><property name="JSONInput" display-name-key="JSON Input" description-key="JSON Input" of-type="SingleLine.Text" usage="input" required="true" /><property name="Shadows" display-name-key="Shadows" description-key="Shadows" of-type="Enum" usage="input" required="true" default-value="0"><value name="Off" display-name-key="Off" description-key="Display all records.">0</value><value name="On" display-name-key="On" description-key="Display active records only.">1</value></property><property name="HeadingsFontSize" display-name-key="Headings Font Size" description-key="Headings Font Size" of-type="Whole.None" usage="input" required="true" /><property name="Margins" display-name-key="Margins" description-key="Margins" of-type="Whole.None" usage="input" required="true" /><property name="BackgroundColor" display-name-key="Background Color" description-key="Background Color" of-type="SingleLine.Text" usage="input" required="true" /><property name="ValuesFontSize" display-name-key="Values Font Size" description-key="Values Font Size" of-type="Whole.None" usage="input" required="true" /><property name="SelectedProperties" display-name-key="Selected Properties" description-key="Selected Properties" of-type="SingleLine.Text" usage="input" required="true" /><property name="JSONOutput" display-name-key="JSON Output" description-key="JSON Output" of-type="SingleLine.Text" usage="output" /><resources><code path="bundle.js" order="1" /></resources><built-by name="pac" version="1.31.2" /></control></manifest>